{
  "openapi": "3.0.0",
  "info": {
    "title": "Create Maximo Job Plan",
    "version": "1.0.0",
    "description": "Calls Maximo REST API to create a job plan using the mxapijobplan object structure."
  },
  "servers": [
    {
      "url": "http://maximo-jp-maximo-flask.apps.itz-wk66ys.hub01-lb.techzone.ibm.com"
    }
  ],
  "paths": {
    "/create-jobplan": {
      "post": {
        "summary": "Create Job Plan",
        "description": "Create a job plan in Maximo using full JSON body from Watson Assistant action.",
        "requestBody": {
          "required": true,
          "content": {
            "application/json": {
              "schema": {
                "type": "object",
                "properties": {
                  "body": {
                    "type": "object",
                    "description": "body"
                  }
                },
                "required": ["body"]
              }
            }
          }
        },
        "responses": {
          "201": {
            "description": "Job Plan created successfully"
          },
          "400": {
            "description": "Bad request"
          },
          "500": {
            "description": "Server error"
          }
        }
      }
    }
  }
}
